id,name,population,whostandard,natstandard,pm2023,who2023,nat2023,Continent.x,AR Region,National Annual Average PM2.5 Standard (in µg/m³),Year/Status,Latest Year,Continent.y,AR region,"National level air quality plan, with clear goals",Latest update to the plan (Year),Is there any evidence of current government operated AQ monitoring system in 2024?,Is there any evidence of government operated AQ monitoring system in 2022?,publicly_accessible,"Link to public portal, website or external platform where AQ data can be publicly accessed",Fully transparent?,Partially transparent?,A : Physical Data,B: Station Level and Coordinates,C: Timely fine scale,D: Programmatic access,datetime,ref_airnow,ref_grd_wo_airnow,ref_grd_all,lcs,total_monitors_wo_airnow,total_monitors,cause_of_death,lyl,cause/risk,gbd_dummy,cfp,Income group,type,Funding in USD million,Continent,Region,Committed budget,Number of projects,phil_fund_quintile,aq_monitoring,public_access,aq_standard,aq_policy,update_to_std,update_to_policy,pop_in_million,monitor_density,monitor_density_wo_airnow,med_ref_grd,med_ref_grd_wo_airnow,med_tot_mons,med_tot_mons_wo_airnow,med_lcs,pm_qtile,pop_qtile,monitor_dens_qtile,monitor_dens_wo_airnow_qtile
AFG,Afghanistan,39227031,5,35,21,1.6,0,Asia,South Asia,35,2011,2011,Asia,South Asia,NA,NA,No,No,No,N/A,NA,NA,-,-,-,-,NA,NA,NA,NA,NA,NA,NA,PM2.5 relative to WHO guideline,1.56,Risk,1,1,Low income,NA,NA,Asia,Southern Asia,4226737,24,0.4,N,N,Y,N,N,NA,39.227031,NA,NA,8,70,12,10,4.5,4,4,NA,NA
AGO,Angola,35790062,5,NA,23.3,1.8,NA,Africa,Central and West Africa,No national standard,NA,NA,Africa,Central and West Africa,NA,NA,No,No,No,N/A,NA,NA,-,-,-,-,NA,NA,NA,NA,NA,NA,NA,PM2.5 relative to WHO guideline,1.79,Risk,1,1,Lower middle income,NA,NA,Africa,Sub-Saharan Africa,NA,NA,NA,N,N,N,N,NA,NA,35.790062,NA,NA,8,70,12,10,4.5,5,4,NA,NA
ALB,Albania,3094125,5,10,10.7,0.6,0.1,Europe,NA,10,2015; annual 2030 limit revised in 2024,2024,Europe,US and Europe,Yes,NA,No,Yes,No,N/A,NA,NA,-,-,-,-,NA,NA,NA,NA,NA,NA,NA,NA,NA,NA,NA,1,Upper middle income,NA,NA,Europe,Southern Europe,107000,1,0.6,N,N,Y,Y,Y,NA,3.094125,NA,NA,8,70,12,10,4.5,2,2,NA,NA
ARE,United Arab Emirates,9852069,5,NA,19.2,1.4,NA,Asia,Middle East and North Africa,No national standard,NA,NA,Asia,Middle East and North Africa,Yes,2021,Yes,Yes,Yes,"https://airquality.ncm.ae/?lang=en
https://www.adairquality.ae/#LiveData",No,Yes,Yes,Yes,Yes,No,2024-01-01,NA,17,17,4,21,21,NA,NA,NA,NA,NA,High income,NA,NA,Asia,Western Asia,NA,NA,1,Y,Y,N,Y,NA,Y,9.852069,2.131531965519121,2.131531965519121,8,70,12,10,4.5,4,3,3,3
ARG,Argentina,46642619,5,NA,12.2,0.7,NA,South America,Latin America,No national standard,NA,NA,South America,Latin America,NA,NA,Yes,Yes,Yes,"Buenos Aires: https://buenosaires.gob.ar/areas/med_ambiente/apra/calidad_amb/red_monitoreo/index.php?contaminante=1&estacion=2&fecha_dia=01&fecha_mes=01&fecha_anio=2024&menu_id=34234&buscar=Look+for

Bahia Blanca: https://cte.controlambiental.bahia.gob.ar/calidad-de-aire/",No,Yes,Yes,No,Yes,No,2024-01-01,NA,5,5,8,13,13,PM2.5 relative to WHO guideline,0.71,Risk,1,1,Upper middle income,NA,NA,Americas,Latin America and the Caribbean,NA,NA,NA,Y,Y,N,N,NA,NA,46.642619,0.2787150524287669,0.2787150524287669,8,70,12,10,4.5,2,4,2,3
ARM,Armenia,2997824,5,NA,20.4,1.5,NA,Europe,US and Europe,No national standard,NA,NA,Europe,US and Europe,NA,NA,Yes,Yes,Yes,https://meteomonitoring.am/posts/33,No,Yes,Yes,No,Yes,No,2024-01-01,NA,NA,NA,71,71,71,PM2.5 relative to WHO guideline,1.5,Risk,1,NA,Upper middle income,Outdoor air quality funding,0.163229138733109,Asia,Western Asia,NA,NA,1,Y,Y,N,N,NA,NA,2.997824,23.683845349159924,23.683845349159924,8,70,12,10,4.5,4,1,5,5
AUT,Austria,8941790,5,10,8.7,0.4,0,Europe,European union,10,2015; annual 2030 limit revised in 2024,2024,Europe,US and Europe,Yes,2019,Yes,Yes,Yes,"https://aqportal.discomap.eea.europa.eu/
https://www.eea.europa.eu/en/analysis/maps-and-charts/up-to-date-air-quality-data
https://www.eea.europa.eu/en/topics/in-depth/air-pollution?activeAccordion=554eebb5-4347-4f84-aba8-adf7c3987c2e
https://discomap.eea.europa.eu/Index/#/service/6678",Yes,NA,Yes,Yes,Yes,Yes,2024-01-01,NA,247,247,17,264,264,NA,NA,NA,NA,NA,High income,NA,NA,Europe,Western Europe,NA,NA,1,Y,Y,Y,Y,Y,Y,8.94179,29.52428987931947,29.52428987931947,8,70,12,10,4.5,1,3,5,5
AZE,Azerbaijan,10522398,5,NA,12.5,0.7,NA,Europe,US and Europe,No national standard,NA,NA,Europe,US and Europe,NA,NA,Yes,Yes,Yes,https://www.stat.gov.az/menu/6/statistical_yearbooks/?lang=en,No,Yes,Yes,No,No,No,2024-01-01,1,NA,1,NA,0,1,NA,NA,NA,NA,1,Upper middle income,NA,NA,Asia,Western Asia,NA,NA,1,Y,Y,N,N,NA,NA,10.522398,0.09503537121481244,0,8,70,12,10,4.5,3,3,2,1
BDI,Burundi,13164249,5,NA,29.3,2.4,NA,Africa,Central and West Africa,No national standard,Draft issued for public comments,NA,Africa,Central and West Africa,NA,NA,No,No,No,N/A,NA,NA,-,-,-,-,NA,NA,NA,NA,NA,NA,NA,PM2.5 relative to WHO guideline,2.39,Risk,1,1,Low income,Outdoor air quality funding,NA,Africa,Sub-Saharan Africa,NA,NA,NA,N,N,N,N,NA,NA,13.164249,NA,NA,8,70,12,10,4.5,5,3,NA,NA
BEL,Belgium,11912972,5,10,7.6,0.3,0,Europe,European union,10,2015; annual 2030 limit revised in 2024,2024,Europe,US and Europe,Yes,2023,Yes,Yes,Yes,"https://aqportal.discomap.eea.europa.eu/
https://www.eea.europa.eu/en/analysis/maps-and-charts/up-to-date-air-quality-data
https://www.eea.europa.eu/en/topics/in-depth/air-pollution?activeAccordion=554eebb5-4347-4f84-aba8-adf7c3987c2e
https://discomap.eea.europa.eu/Index/#/service/6678",Yes,NA,Yes,Yes,Yes,Yes,2024-01-01,NA,153,153,14,167,167,NA,NA,NA,NA,NA,High income,NA,NA,Europe,Western Europe,NA,NA,1,Y,Y,Y,Y,Y,Y,11.912972,14.018332285176193,14.018332285176193,8,70,12,10,4.5,1,3,5,5
BEN,Benin,14200626,5,NA,16.4,1.1,NA,Africa,Central and West Africa,No national standard,NA,NA,Africa,Central and West Africa,NA,NA,No,No,No,N/A,NA,NA,-,-,-,-,NA,NA,NA,NA,NA,NA,NA,PM2.5 relative to WHO guideline,1.12,Risk,1,1,Lower middle income,Outdoor air quality funding,11.24738,Africa,Sub-Saharan Africa,NA,NA,NA,N,N,N,N,NA,NA,14.200626,NA,NA,8,70,12,10,4.5,4,3,NA,NA
BFA,Burkina Faso,22462928,5,NA,8.2,0.3,NA,Africa,Central and West Africa,No national standard,NA,NA,Africa,Central and West Africa,NA,NA,No,No,No,N/A,NA,NA,-,-,-,-,NA,NA,NA,NA,NA,NA,NA,NA,NA,NA,NA,1,Low income,Outdoor air quality funding,13.798376,Africa,Sub-Saharan Africa,NA,NA,NA,N,N,N,N,NA,NA,22.462928,NA,NA,8,70,12,10,4.5,1,4,NA,NA
BGD,Bangladesh,166842937,5,35,60.8,5.5,2.5,Asia,South Asia,35,2005; latest revision in 2022,2022,Asia,South Asia,Yes,2024,Yes,Yes,Yes,https://doe.portal.gov.bd/site/page/8efde0a3-392e-4a86-bac4-7149ff908be7/-,No,Yes,No,No,Yes,No,2024-01-01,1,NA,1,1,1,2,PM2.5 relative to WHO guideline,5.47,Risk,1,1,Lower middle income,Outdoor air quality funding,1052.4682061732444,Asia,Southern Asia,4226737,24,0.4,Y,Y,Y,Y,Y,Y,166.842937,0.011987321944590318,0.005993660972295159,8,70,12,10,4.5,5,5,1,2
BGR,Bulgaria,6822013,5,10,14.6,0.9,0.5,Europe,European union,10,2015; annual 2030 limit revised in 2024,2024,Europe,US and Europe,Yes,2019,Yes,Yes,Yes,"https://aqportal.discomap.eea.europa.eu/
https://www.eea.europa.eu/en/analysis/maps-and-charts/up-to-date-air-quality-data
https://www.eea.europa.eu/en/topics/in-depth/air-pollution?activeAccordion=554eebb5-4347-4f84-aba8-adf7c3987c2e
https://discomap.eea.europa.eu/Index/#/service/6678",Yes,NA,Yes,Yes,Yes,Yes,2024-01-01,NA,33,33,79,112,112,NA,NA,NA,NA,NA,High income,NA,NA,Europe,Eastern Europe,3233375.17,9,0.8,Y,Y,Y,Y,Y,Y,6.822013,16.417441596783824,16.417441596783824,8,70,12,10,4.5,3,2,5,5
BHR,Bahrain,1392583,5,25,21,1.6,0,Asia,Middle East and North Africa,25,NA,NA,Asia,Middle East and North Africa,NA,NA,Yes,Yes,No,N/A,NA,NA,-,-,-,-,2024-01-01,1,NA,1,NA,0,1,PM2.5 relative to WHO guideline,1.57,Risk,1,NA,High income,NA,NA,Asia,Western Asia,NA,NA,1,Y,N,Y,N,NA,NA,1.392583,0.7180900528011617,0,8,70,12,10,4.5,4,1,3,1
BIH,Bosnia and Herzegovina,3797756,5,20,21.3,1.6,0.1,Europe,NA,20,2019,2019,Europe,US and Europe,NA,NA,Yes,Yes,Yes,"https://aqportal.discomap.eea.europa.eu/
https://www.eea.europa.eu/en/analysis/maps-and-charts/up-to-date-air-quality-data
https://www.eea.europa.eu/en/topics/in-depth/air-pollution?activeAccordion=554eebb5-4347-4f84-aba8-adf7c3987c2e
https://discomap.eea.europa.eu/Index/#/service/6678",Yes,NA,Yes,Yes,Yes,Yes,2024-01-01,2,28,30,1,29,31,PM2.5 relative to WHO guideline,1.6,Risk,1,NA,Upper middle income,Outdoor air quality funding,0.8540832253829299,Europe,Southern Europe,107000,1,0.6,Y,Y,Y,N,Y,NA,3.797756,8.162715034878492,7.636088258434717,8,70,12,10,4.5,4,2,4,4
BOL,Bolivia,12186793,5,NA,32.2,2.7,NA,South America,Latin America,No national standard,NA,NA,South America,Latin America,NA,NA,Yes,Yes,Yes,"http://snia.mmaya.gob.bo/web/modulos/PNGCA/publicaciones/items/15052023/2022SACABA.pdf
City of Potosi: http://redmonica.potosi.bo/#portfolio",No,Yes,Yes,Yes,No,No,NA,NA,NA,NA,NA,NA,NA,PM2.5 relative to WHO guideline,2.66,Risk,1,1,Lower middle income,NA,NA,Americas,Latin America and the Caribbean,NA,NA,NA,Y,Y,N,N,NA,NA,12.186793,NA,NA,8,70,12,10,4.5,5,3,NA,NA
BRA,Brazil,218232469,5,10,12.1,0.7,0.2,South America,Latin America,10,2018,2018,South America,Latin America,Yes,2024,Yes,Yes,Yes,"Sao Paulo: https://cetesb.sp.gov.br/ar/dados-horarios/
Rio de Janeiro: https://ei.weblakes.com/INEAPublico/DshBrdAQIRegion",No,Yes,Yes,No,Yes,No,2024-01-01,1,7,8,2,9,10,NA,NA,NA,NA,1,Upper middle income,Outdoor air quality funding,0.0869823356258597,Americas,Latin America and the Caribbean,NA,NA,NA,Y,Y,Y,Y,Y,Y,218.232469,0.045822695613639414,0.04124042605227547,8,70,12,10,4.5,2,5,1,2
BTN,Bhutan,878983,5,NA,25.4,2,NA,Asia,South Asia,No national standard,NA,NA,Asia,South Asia,NA,NA,No,No,No,N/A,NA,NA,-,-,-,-,NA,NA,NA,NA,NA,NA,NA,PM2.5 relative to WHO guideline,2,Risk,1,1,Lower middle income,NA,NA,Asia,Southern Asia,4226737,24,0.4,N,N,N,N,NA,NA,0.878983,NA,NA,8,70,12,10,4.5,5,1,NA,NA
BWA,Botswana,2417152,5,NA,15.9,1.1,NA,Africa,NA,No national standard,NA,NA,Africa,NA,NA,NA,No,No,No,N/A,NA,NA,-,-,-,-,NA,NA,NA,NA,NA,NA,NA,PM2.5 relative to WHO guideline,1.06,Risk,1,1,Upper middle income,NA,NA,Africa,Sub-Saharan Africa,NA,NA,NA,N,N,N,N,NA,NA,2.417152,NA,NA,8,70,12,10,4.5,3,1,NA,NA
CAN,Canada,37873345,5,8.8,9.2,0.4,0,North America,NA,8.8,latest revision in 2020,2020,North America,NA,Yes,2023,Yes,Yes,Yes,"https://data-donnees.az.ec.gc.ca/data/air/monitor/national-air-pollution-surveillance-naps-program/Data-Donnees/?lang=en
https://weather.gc.ca/airquality/pages/index_e.html
https://gispub.epa.gov/airnow/?xmin=-17134679.370019116&ymin=3571995.9725610483&xmax=-5661192.634746248&ymax=11449023.492688756&clayer=none&mlayer=ozonepm&panel=0",Yes,NA,Yes,Yes,Yes,Yes,2024-01-01,NA,247,247,79,326,326,NA,NA,NA,NA,1,High income,NA,NA,Americas,Northern America,6000000,1,0.2,Y,Y,Y,Y,Y,Y,37.873345,8.607636848554042,8.607636848554042,8,70,12,10,4.5,2,4,4,4
CHE,Switzerland,8801032,5,10,7.3,0.2,0,Europe,NA,10,2018,2018,Europe,US and Europe,NA,NA,Yes,Yes,Yes,"https://aqportal.discomap.eea.europa.eu/
https://www.eea.europa.eu/en/analysis/maps-and-charts/up-to-date-air-quality-data
https://www.eea.europa.eu/en/topics/in-depth/air-pollution?activeAccordion=554eebb5-4347-4f84-aba8-adf7c3987c2e
https://discomap.eea.europa.eu/Index/#/service/6678",Yes,NA,Yes,Yes,Yes,Yes,2024-01-01,NA,45,45,18,63,63,NA,NA,NA,NA,NA,High income,NA,NA,Europe,Western Europe,NA,NA,1,Y,Y,Y,N,Y,NA,8.801032,7.1582514414218705,7.1582514414218705,8,70,12,10,4.5,1,2,4,4
CHL,Chile,18219660,5,20,24.2,1.9,0.4,South America,Latin America,20,2011,2011,South America,Latin America,NA,NA,Yes,Yes,Yes,https://sinca.mma.gob.cl/,Yes,NA,Yes,Yes,Yes,Yes,2024-01-01,NA,136,136,6,142,142,PM2.5 relative to WHO guideline,1.88,Risk,1,1,High income,NA,NA,Americas,Latin America and the Caribbean,NA,NA,NA,Y,Y,Y,N,N,NA,18.21966,7.793778808166563,7.793778808166563,8,70,12,10,4.5,5,3,4,4
CHN,China,1417366330,5,35,27.4,2.2,0,Asia,NA,35,2016,2016,Asia,NA,Yes,2023,Yes,Yes,Yes,https://air.cnemc.cn:18007/,No,Yes,Yes,Yes,Yes,No,2024-01-01,4,NA,4,10,10,14,PM2.5 relative to WHO guideline,2.19,Risk,1,NA,Upper middle income,Outdoor air quality funding,307.24305066475745,Asia,Eastern Asia,6173000,44,0.4,Y,Y,Y,Y,Y,Y,1417.36633,0.009877474653994356,0.0070553390385673966,8,70,12,10,4.5,5,5,1,2
CIV,Côte d'Ivoire,29252229,5,NA,10,0.5,NA,Africa,Central and West Africa,No national standard,NA,NA,Africa,Central and West Africa,NA,NA,No,No,No,N/A,NA,NA,-,-,-,-,2024-01-01,1,NA,1,NA,0,1,NA,NA,NA,NA,1,Lower middle income,NA,NA,Africa,Sub-Saharan Africa,NA,NA,NA,N,N,N,N,NA,NA,29.252229,0.03418542908302817,0,8,70,12,10,4.5,2,4,1,1
CMR,Cameroon,30177959,5,NA,32.5,2.7,NA,Africa,Central and West Africa,No national standard,NA,NA,Africa,Central and West Africa,NA,NA,No,No,No,N/A,NA,NA,-,-,-,-,2024-01-01,NA,NA,NA,2,2,2,PM2.5 relative to WHO guideline,2.69,Risk,1,1,Lower middle income,Outdoor air quality funding,0.598264,Africa,Sub-Saharan Africa,NA,NA,NA,N,N,N,N,NA,NA,30.177959,0.06627353427049192,0.06627353427049192,8,70,12,10,4.5,5,4,1,2
COD,Democratic Republic of the Congo,111816993,5,NA,32.1,2.7,NA,Africa,Central and West Africa,No national standard,East African Community Regional Standard 751:2010 yet to be adopted,NA,Africa,Central and West Africa,NA,NA,No,No,No,N/A,NA,NA,-,-,-,-,2024-01-01,1,NA,1,NA,0,1,PM2.5 relative to WHO guideline,2.66,Risk,1,1,Low income,Outdoor air quality funding,3.687838999999999,Africa,Sub-Saharan Africa,NA,NA,NA,N,N,N,N,NA,NA,111.816993,0.008943184512214526,0,8,70,12,10,4.5,5,5,1,1
COG,Republic of the Congo,5990270,5,NA,30,2.5,NA,Africa,Central and West Africa,No national standard,NA,NA,Africa,Central and West Africa,NA,NA,No,No,No,N/A,NA,NA,-,-,-,-,NA,NA,NA,NA,NA,NA,NA,PM2.5 relative to WHO guideline,2.45,Risk,1,NA,Lower middle income,Outdoor air quality funding,0.177365,Africa,Sub-Saharan Africa,NA,NA,NA,N,N,N,N,NA,NA,5.99027,NA,NA,8,70,12,10,4.5,5,2,NA,NA
COL,Colombia,49087330,5,20,16.2,1.1,0,South America,Latin America,20,2011; proposal to revise the standard to 15 in 2030,2011,South America,Latin America,NA,NA,Yes,Yes,Yes,"National: http://sisaire.ideam.gov.co/ideam-sisaire-web/
Medellin: https://siata.gov.co/siata_nuevo/
Bogota: http://rmcab.ambientebogota.gov.co/home/map",Yes,NA,Yes,Yes,Yes,Yes,2024-01-01,1,24,25,8,32,33,PM2.5 relative to WHO guideline,1.09,Risk,1,1,Upper middle income,Outdoor air quality funding,0.799844,Americas,Latin America and the Caribbean,NA,NA,NA,Y,Y,Y,N,N,NA,49.08733,0.6722712357750972,0.6518993801455487,8,70,12,10,4.5,3,5,3,3
COM,Comoros,819567,5,NA,5.7,0.1,NA,Africa,NA,No national standard,NA,NA,Africa,NA,NA,NA,No,No,No,N/A,NA,NA,-,-,-,-,NA,NA,NA,NA,NA,NA,NA,NA,NA,NA,NA,NA,Lower middle income,NA,NA,Africa,Sub-Saharan Africa,NA,NA,NA,N,N,N,N,NA,NA,0.819567,NA,NA,8,70,12,10,4.5,1,1,NA,NA
CRI,Costa Rica,5198658,5,NA,13.4,0.8,NA,North America,Latin America,No national standard,NA,NA,North America,Latin America,NA,NA,Yes,Yes,No,N/A,NA,NA,-,-,-,-,2024-01-01,1,NA,1,1,1,2,NA,NA,NA,NA,1,Upper middle income,NA,NA,Americas,Latin America and the Caribbean,NA,NA,NA,Y,N,N,N,NA,NA,5.198658,0.384714670593834,0.192357335296917,8,70,12,10,4.5,3,2,3,3
CYP,Cyprus,837964,5,10,12.5,0.7,0.2,Europe,European union,10,2015; annual 2030 limit revised in 2024,2024,Europe,US and Europe,Yes,2023,Yes,Yes,Yes,"https://aqportal.discomap.eea.europa.eu/
https://www.eea.europa.eu/en/analysis/maps-and-charts/up-to-date-air-quality-data
https://www.eea.europa.eu/en/topics/in-depth/air-pollution?activeAccordion=554eebb5-4347-4f84-aba8-adf7c3987c2e
https://discomap.eea.europa.eu/Index/#/service/6678",Yes,NA,Yes,Yes,Yes,Yes,2024-01-01,NA,11,11,1,12,12,NA,NA,NA,NA,NA,High income,NA,NA,Asia,Western Asia,NA,NA,1,Y,Y,Y,Y,Y,Y,0.837964,14.320424266436266,14.320424266436266,8,70,12,10,4.5,3,1,5,5
CZE,Czechia,10825908,5,10,10.1,0.5,0,Europe,European union,10,2015; annual 2030 limit revised in 2024,2024,Europe,US and Europe,Yes,2023,Yes,Yes,Yes,"https://aqportal.discomap.eea.europa.eu/
https://www.eea.europa.eu/en/analysis/maps-and-charts/up-to-date-air-quality-data
https://www.eea.europa.eu/en/topics/in-depth/air-pollution?activeAccordion=554eebb5-4347-4f84-aba8-adf7c3987c2e
https://discomap.eea.europa.eu/Index/#/service/6678",Yes,NA,Yes,Yes,Yes,Yes,2024-01-01,NA,97,97,14,111,111,NA,NA,NA,NA,1,High income,NA,NA,Europe,Eastern Europe,3233375.17,9,0.8,Y,Y,Y,Y,Y,Y,10.825908,10.253181534518859,10.253181534518859,8,70,12,10,4.5,2,3,5,5
DEU,Germany,84182002,5,10,7.4,0.2,0,Europe,European union,10,2015; annual 2030 limit revised in 2024,2024,Europe,US and Europe,Yes,2019,Yes,Yes,Yes,"https://aqportal.discomap.eea.europa.eu/
https://www.eea.europa.eu/en/analysis/maps-and-charts/up-to-date-air-quality-data
https://www.eea.europa.eu/en/topics/in-depth/air-pollution?activeAccordion=554eebb5-4347-4f84-aba8-adf7c3987c2e
https://discomap.eea.europa.eu/Index/#/service/6678",Yes,NA,Yes,Yes,Yes,Yes,2024-01-01,NA,469,469,52,521,521,NA,NA,NA,NA,NA,High income,NA,NA,Europe,Western Europe,NA,NA,1,Y,Y,Y,Y,Y,Y,84.182002,6.188971367062523,6.188971367062523,8,70,12,10,4.5,1,5,4,4
DJI,Djibouti,956848,5,NA,20,1.5,NA,Africa,Middle East and North Africa,No national standard,NA,NA,Africa,Middle East and North Africa,NA,NA,Yes,No,Yes,https://www.iqair.com/us/djibouti/observatoire-regional-de-recherche-sur-l-environnement-et-le-climat,No,Yes,Yes,Yes,Yes,No,NA,NA,NA,NA,NA,NA,NA,PM2.5 relative to WHO guideline,1.47,Risk,1,1,Lower middle income,NA,NA,Africa,Sub-Saharan Africa,NA,NA,NA,Y,Y,N,N,NA,NA,0.956848,NA,NA,8,70,12,10,4.5,4,1,NA,NA
DNK,Denmark,5854789,5,10,6.8,0.2,0,Europe,European union,10,2015; annual 2030 limit revised in 2024,2024,Europe,US and Europe,Yes,2023,Yes,Yes,Yes,"https://aqportal.discomap.eea.europa.eu/
https://www.eea.europa.eu/en/analysis/maps-and-charts/up-to-date-air-quality-data
https://www.eea.europa.eu/en/topics/in-depth/air-pollution?activeAccordion=554eebb5-4347-4f84-aba8-adf7c3987c2e
https://discomap.eea.europa.eu/Index/#/service/6678",Yes,NA,Yes,Yes,Yes,Yes,2024-01-01,NA,16,16,5,21,21,NA,NA,NA,NA,NA,High income,NA,NA,Europe,Northern Europe,4729991.859999999,31,0.4,Y,Y,Y,Y,Y,Y,5.854789,3.5868073127827493,3.5868073127827493,8,70,12,10,4.5,1,2,4,4
DOM,Dominican Republic,10667409,5,15,7.1,0.2,0,North America,Latin America,15,2003,2003,North America,Latin America,NA,NA,No,Yes,No,N/A,NA,NA,-,-,-,-,NA,NA,NA,NA,NA,NA,NA,NA,NA,NA,NA,NA,Upper middle income,Outdoor air quality funding,0,Americas,Latin America and the Caribbean,NA,NA,NA,N,N,Y,N,N,NA,10.667409,NA,NA,8,70,12,10,4.5,1,3,NA,NA
DZA,Algeria,46191606,5,NA,5.3,0,NA,Africa,Middle East and North Africa,No national standard,NA,NA,Africa,Middle East and North Africa,NA,NA,Yes,Yes,No,N/A,NA,NA,-,-,-,-,2024-01-01,1,NA,1,NA,0,1,NA,NA,NA,NA,NA,Upper middle income,Outdoor air quality funding,0.317866,Africa,Northern Africa,NA,NA,NA,Y,N,N,N,NA,NA,46.191606,0.0216489550071067,0,8,70,12,10,4.5,1,4,1,1
ECU,Ecuador,18100083,5,15,17.3,1.2,0.2,South America,Latin America,15,2015,2015,South America,Latin America,NA,NA,Yes,Yes,No,N/A,NA,NA,-,-,-,-,2024-01-01,NA,NA,NA,2,2,2,PM2.5 relative to WHO guideline,1.2,Risk,1,NA,Upper middle income,Outdoor air quality funding,1.3153949999999999,Americas,Latin America and the Caribbean,NA,NA,NA,Y,N,Y,N,Y,NA,18.100083,0.11049673087134461,0.11049673087134461,8,70,12,10,4.5,4,3,2,2
EGY,Egypt,109275796,5,50,17.8,1.3,0,Africa,Middle East and North Africa,50,2012,2012,Africa,Middle East and North Africa,NA,NA,Yes,Yes,Yes,https://www.eeaa.gov.eg/AqforeCast/Index,No,Yes,No,Yes,Yes,No,2024-01-01,1,NA,1,NA,0,1,NA,NA,NA,NA,1,Lower middle income,Outdoor air quality funding,0,Africa,Northern Africa,NA,NA,NA,Y,Y,Y,N,N,NA,109.275796,0.009151157315751788,0,8,70,12,10,4.5,4,5,1,1
ERI,Eritrea,6217538,5,NA,12.1,0.7,NA,Africa,NA,No national standard,NA,NA,Africa,NA,NA,NA,No,No,No,N/A,NA,NA,-,-,-,-,NA,NA,NA,NA,NA,NA,NA,NA,NA,NA,NA,NA,Low income,Outdoor air quality funding,0.003548,Africa,Sub-Saharan Africa,NA,NA,NA,N,N,N,N,NA,NA,6.217538,NA,NA,8,70,12,10,4.5,2,2,NA,NA
ESP,Spain,46656606,5,10,6.8,0.2,0,Europe,European union,10,2015; annual 2030 limit revised in 2024,2024,Europe,US and Europe,Yes,2023,Yes,Yes,Yes,"https://aqportal.discomap.eea.europa.eu/
https://www.eea.europa.eu/en/analysis/maps-and-charts/up-to-date-air-quality-data
https://www.eea.europa.eu/en/topics/in-depth/air-pollution?activeAccordion=554eebb5-4347-4f84-aba8-adf7c3987c2e
https://discomap.eea.europa.eu/Index/#/service/6678",Yes,NA,Yes,Yes,Yes,Yes,2024-01-01,NA,816,816,12,828,828,NA,NA,NA,NA,NA,High income,NA,NA,Europe,Southern Europe,107000,1,0.6,Y,Y,Y,Y,Y,Y,46.656606,17.746683074203897,17.746683074203897,8,70,12,10,4.5,1,5,5,5
EST,Estonia,1192288,5,10,5.5,0,0,Europe,European union,10,2015; annual 2030 limit revised in 2024,2024,Europe,US and Europe,NA,2023,Yes,Yes,Yes,"https://aqportal.discomap.eea.europa.eu/
https://www.eea.europa.eu/en/analysis/maps-and-charts/up-to-date-air-quality-data
https://www.eea.europa.eu/en/topics/in-depth/air-pollution?activeAccordion=554eebb5-4347-4f84-aba8-adf7c3987c2e
https://discomap.eea.europa.eu/Index/#/service/6678",Yes,NA,Yes,Yes,Yes,Yes,2024-01-01,NA,8,8,NA,8,8,NA,NA,NA,NA,NA,High income,NA,NA,Europe,Northern Europe,4729991.859999999,31,0.4,Y,Y,Y,N,Y,Y,1.192288,6.709788239083174,6.709788239083174,8,70,12,10,4.5,1,1,4,4
ETH,Ethiopia,115858093,5,NA,14.7,1,NA,Africa,NA,No national standard,NA,NA,Africa,NA,NA,NA,Yes,Yes,No,N/A,NA,NA,-,-,-,-,2024-01-01,2,NA,2,NA,0,2,NA,NA,NA,NA,1,Low income,Outdoor air quality funding,12.797833621570483,Africa,Sub-Saharan Africa,NA,NA,NA,Y,N,N,N,NA,NA,115.858093,0.01726249714812758,0,8,70,12,10,4.5,3,5,1,1
FRA,France,65767515,5,10,7.1,0.2,0,Europe,European union,10,2015; annual 2030 limit revised in 2024,2024,Europe,US and Europe,Yes,2023,Yes,Yes,Yes,"https://aqportal.discomap.eea.europa.eu/
https://www.eea.europa.eu/en/analysis/maps-and-charts/up-to-date-air-quality-data
https://www.eea.europa.eu/en/topics/in-depth/air-pollution?activeAccordion=554eebb5-4347-4f84-aba8-adf7c3987c2e
https://discomap.eea.europa.eu/Index/#/service/6678",Yes,NA,Yes,Yes,Yes,Yes,2024-01-01,NA,631,631,20,651,651,NA,NA,NA,NA,NA,High income,NA,NA,Europe,Western Europe,NA,NA,1,Y,Y,Y,Y,Y,Y,65.767515,9.898503843424827,9.898503843424827,8,70,12,10,4.5,1,5,5,5
GAB,Gabon,2384214,5,NA,25.3,2,NA,Africa,Central and West Africa,No national standard,NA,NA,Africa,Central and West Africa,NA,NA,No,No,No,N/A,NA,NA,-,-,-,-,NA,NA,NA,NA,NA,NA,NA,PM2.5 relative to WHO guideline,1.99,Risk,1,1,Upper middle income,NA,NA,Africa,Sub-Saharan Africa,NA,NA,NA,N,N,N,N,NA,NA,2.384214,NA,NA,8,70,12,10,4.5,5,1,NA,NA
GBR,United Kingdom,67867682,5,20,7.3,0.2,0,Europe,NA,20,2020,2020,Europe,US and Europe,Yes,2023,Yes,Yes,Yes,https://uk-air.defra.gov.uk/data/so/about/,Yes,NA,Yes,Yes,Yes,Yes,2024-01-01,NA,261,261,113,374,374,NA,NA,NA,NA,1,High income,NA,NA,Europe,Northern Europe,4729991.859999999,31,0.4,Y,Y,Y,Y,Y,Y,67.867682,5.510723056667826,5.510723056667826,8,70,12,10,4.5,1,5,4,4
GEO,Georgia,4913709,5,20,13.6,0.8,0,Europe,NA,20,2020,2020,Europe,US and Europe,NA,NA,Yes,Yes,Yes,https://air.gov.ge/en/,No,Yes,Yes,Yes,No,No,NA,NA,NA,NA,NA,NA,NA,PM2.5 relative to WHO guideline,0.85,Risk,1,NA,Upper middle income,Outdoor air quality funding,3.381175016614395,Asia,Western Asia,NA,NA,1,Y,Y,Y,N,Y,NA,4.913709,NA,NA,8,70,12,10,4.5,3,2,NA,NA
GHA,Ghana,33795405,5,NA,12.9,0.8,NA,Africa,Central and West Africa,No national standard,NA,NA,Africa,Central and West Africa,NA,NA,Yes,Yes,Yes,https://x.com/EPA_Ghana,No,Yes,No,No,Yes,No,2024-01-01,1,NA,1,22,22,23,NA,NA,NA,NA,1,Lower middle income,Outdoor air quality funding,20.73735082713348,Africa,Sub-Saharan Africa,NA,NA,NA,Y,Y,N,N,NA,NA,33.795405,0.6805658934994269,0.6509760720429301,8,70,12,10,4.5,3,4,3,3
GIN,Guinea,13529246,5,NA,9.4,0.4,NA,Africa,Central and West Africa,No national standard,NA,NA,Africa,Central and West Africa,NA,NA,No,No,No,N/A,NA,NA,-,-,-,-,2024-01-01,1,NA,1,NA,0,1,NA,NA,NA,NA,NA,Lower middle income,NA,NA,Africa,Sub-Saharan Africa,NA,NA,NA,N,N,N,N,NA,NA,13.529246,0.07391394908481966,0,8,70,12,10,4.5,2,3,1,1
GMB,Gambia,2447260,5,NA,6.9,0.2,NA,Africa,Central and West Africa,No national standard,NA,NA,Africa,Central and West Africa,NA,NA,No,No,No,N/A,NA,NA,-,-,-,-,NA,NA,NA,NA,NA,NA,NA,NA,NA,NA,NA,1,Low income,NA,NA,Africa,Sub-Saharan Africa,NA,NA,NA,N,N,N,N,NA,NA,2.44726,NA,NA,8,70,12,10,4.5,1,1,NA,NA
GNB,Guinea-Bissau,1998688,5,NA,7.9,0.3,NA,Africa,Central and West Africa,No national standard,NA,NA,Africa,Central and West Africa,NA,NA,Yes,No,No,N/A,NA,NA,-,-,-,-,NA,NA,NA,NA,NA,NA,NA,NA,NA,NA,NA,NA,Low income,Outdoor air quality funding,0.678864,Africa,Sub-Saharan Africa,NA,NA,NA,Y,N,N,N,NA,NA,1.998688,NA,NA,8,70,12,10,4.5,1,1,NA,NA
GNQ,Equatorial Guinea,1697137,5,NA,29.9,2.4,NA,Africa,Central and West Africa,No national standard,NA,NA,Africa,Central and West Africa,NA,NA,No,No,No,N/A,NA,NA,-,-,-,-,NA,NA,NA,NA,NA,NA,NA,PM2.5 relative to WHO guideline,2.44,Risk,1,NA,Upper middle income,NA,NA,Africa,Sub-Saharan Africa,NA,NA,NA,N,N,N,N,NA,NA,1.697137,NA,NA,8,70,12,10,4.5,5,1,NA,NA
GRC,Greece,10313141,5,10,11.1,0.6,0.1,Europe,European union,10,2015; annual 2030 limit revised in 2024,2024,Europe,US and Europe,Yes,2019,Yes,Yes,Yes,"https://aqportal.discomap.eea.europa.eu/
https://www.eea.europa.eu/en/analysis/maps-and-charts/up-to-date-air-quality-data
https://www.eea.europa.eu/en/topics/in-depth/air-pollution?activeAccordion=554eebb5-4347-4f84-aba8-adf7c3987c2e
https://discomap.eea.europa.eu/Index/#/service/6678",Yes,NA,Yes,Yes,Yes,Yes,2024-01-01,NA,45,45,5,50,50,NA,NA,NA,NA,NA,High income,NA,NA,Europe,Southern Europe,107000,1,0.6,Y,Y,Y,Y,Y,Y,10.313141,4.848183497151838,4.848183497151838,8,70,12,10,4.5,2,3,4,4
GTM,Guatemala,17961445,5,NA,26.4,2.1,NA,North America,Latin America,No national standard,NA,NA,North America,Latin America,NA,NA,Yes,Yes,Yes,"https://www.ine.gob.gt/bases-de-datos/estadisticas-ambientales/ 
https://insivumeh.gob.gt/?p=61244
http://gae.insivumeh.gob.gt/OpenKM/frontend/index.jsp?uuid=79eacff7-4ca8-481b-87e6-d5b00af0c80a&lang=es-ES",No,Yes,Yes,No,Yes,No,2024-01-01,3,NA,3,NA,0,3,PM2.5 relative to WHO guideline,2.1,Risk,1,1,Upper middle income,Outdoor air quality funding,0.022909,Americas,Latin America and the Caribbean,NA,NA,NA,Y,Y,N,N,NA,NA,17.961445,0.16702442370310405,0,8,70,12,10,4.5,5,3,2,1
GUY,Guyana,752342,5,NA,7.8,0.3,NA,South America,NA,No national standard,NA,NA,South America,NA,NA,NA,Yes,Yes,Yes,https://www.iqair.com/us/profile/epa-guyana,No,Yes,Yes,Yes,Yes,No,2024-01-01,NA,NA,NA,1,1,1,NA,NA,NA,NA,NA,High income,NA,NA,Americas,Latin America and the Caribbean,NA,NA,NA,Y,Y,N,N,NA,NA,0.752342,1.3291827387012822,1.3291827387012822,8,70,12,10,4.5,1,1,3,3
HND,Honduras,9367692,5,NA,28.2,2.3,NA,North America,Latin America,No national standard,NA,NA,North America,Latin America,NA,NA,Yes,No,Yes,"https://bibliotecatecnicacescco.blogspot.com/p/calidad-del-aire.html (not updated)
https://sen.ine.gob.hn/Home/DetalleComite?id_comite=57 (not updated)",No,Yes,Yes,No,No,No,2024-01-01,NA,NA,NA,2,2,2,PM2.5 relative to WHO guideline,2.27,Risk,1,1,Lower middle income,NA,NA,Americas,Latin America and the Caribbean,NA,NA,NA,Y,Y,N,N,NA,NA,9.367692,0.2134997606667683,0.2134997606667683,8,70,12,10,4.5,5,3,2,3
HRV,Croatia,4210132,5,10,12.3,0.7,0.2,Europe,European union,10,2015; annual 2030 limit revised in 2024,2024,Europe,US and Europe,Yes,2019,Yes,Yes,Yes,"https://aqportal.discomap.eea.europa.eu/
https://www.eea.europa.eu/en/analysis/maps-and-charts/up-to-date-air-quality-data
https://www.eea.europa.eu/en/topics/in-depth/air-pollution?activeAccordion=554eebb5-4347-4f84-aba8-adf7c3987c2e
https://discomap.eea.europa.eu/Index/#/service/6678",Yes,NA,Yes,Yes,Yes,Yes,2024-01-01,NA,22,22,11,33,33,NA,NA,NA,NA,NA,High income,NA,NA,Europe,Southern Europe,107000,1,0.6,Y,Y,Y,Y,Y,Y,4.210132,7.838234050618841,7.838234050618841,8,70,12,10,4.5,2,2,4,4
HTI,Haiti,11398033,5,NA,8.7,0.4,NA,North America,Latin America,No national standard,NA,NA,North America,Latin America,NA,NA,No,No,No,N/A,NA,NA,-,-,-,-,NA,NA,NA,NA,NA,NA,NA,NA,NA,NA,NA,NA,Lower middle income,NA,NA,Americas,Latin America and the Caribbean,NA,NA,NA,N,N,N,N,NA,NA,11.398033,NA,NA,8,70,12,10,4.5,1,3,NA,NA
HUN,Hungary,9888083,5,10,10.3,0.5,0,Europe,European union,10,2015; annual 2030 limit revised in 2024,2024,Europe,US and Europe,Yes,2019,Yes,Yes,Yes,"https://aqportal.discomap.eea.europa.eu/
https://www.eea.europa.eu/en/analysis/maps-and-charts/up-to-date-air-quality-data
https://www.eea.europa.eu/en/topics/in-depth/air-pollution?activeAccordion=554eebb5-4347-4f84-aba8-adf7c3987c2e
https://discomap.eea.europa.eu/Index/#/service/6678",Yes,NA,Yes,Yes,Yes,Yes,2024-01-01,NA,78,78,9,87,87,NA,NA,NA,NA,NA,High income,NA,NA,Europe,Eastern Europe,3233375.17,9,0.8,Y,Y,Y,Y,Y,Y,9.888083,8.798469834850698,8.798469834850698,8,70,12,10,4.5,2,3,4,4
IDN,Indonesia,276074865,5,15,18.6,1.3,0.4,Asia,South East Asia,15,2021,2021,Asia,South East Asia,NA,NA,Yes,Yes,Yes,https://www.bmkg.go.id/,No,Yes,Yes,No,Yes,No,2024-01-01,2,NA,2,10,10,12,PM2.5 relative to WHO guideline,1.34,Risk,1,1,Upper middle income,Outdoor air quality funding,0.1503337262723521,Asia,South-eastern Asia,700000,2,0.6,Y,Y,Y,N,Y,NA,276.074865,0.04346647058941784,0.03622205882451487,8,70,12,10,4.5,4,5,1,2
IND,India,1398021054,5,40,41,3.5,0.1,Asia,South Asia,40,2009,2009,Asia,South Asia,Yes,2023,Yes,Yes,Yes,"AQI website:  https://airquality.cpcb.gov.in/AQI_India/ 
Raw Concentrations:  https://airquality.cpcb.gov.in/ccr/#/caaqm-dashboard-all/caaqm-landing 
https://www.dpcc.delhigovt.nic.in/home/monthly_analysis_report#gsc.tab=0",No,Yes,Yes,Yes,Yes,No,2024-01-01,5,545,550,4,549,554,PM2.5 relative to WHO guideline,3.53,Risk,1,1,Lower middle income,Outdoor air quality funding,7.238282510316369,Asia,Southern Asia,4226737,24,0.4,Y,Y,Y,Y,N,Y,1398.021054,0.39627443264527545,0.39269794859613033,8,70,12,10,4.5,5,5,3,3
IRQ,Iraq,41266741,5,10,23.2,1.8,1.3,Asia,Middle East and North Africa,10,NA,NA,Asia,Middle East and North Africa,NA,NA,No,Yes,No,N/A,NA,NA,-,-,-,-,2024-01-01,2,NA,2,NA,0,2,PM2.5 relative to WHO guideline,1.78,Risk,1,1,Upper middle income,Outdoor air quality funding,1.029644,Asia,Western Asia,NA,NA,1,N,N,Y,N,NA,NA,41.266741,0.04846517925900666,0,8,70,12,10,4.5,5,4,1,1
ITA,Italy,60501824,5,10,11.6,0.6,0.2,Europe,European union,10,2015; annual 2030 limit revised in 2024,2024,Europe,US and Europe,Yes,2019,Yes,Yes,Yes,"https://aqportal.discomap.eea.europa.eu/
https://www.eea.europa.eu/en/analysis/maps-and-charts/up-to-date-air-quality-data
https://www.eea.europa.eu/en/topics/in-depth/air-pollution?activeAccordion=554eebb5-4347-4f84-aba8-adf7c3987c2e
https://discomap.eea.europa.eu/Index/#/service/6678",Yes,NA,Yes,Yes,Yes,Yes,2024-01-01,NA,683,683,11,694,694,PM2.5 relative to WHO guideline,0.64,Risk,1,NA,High income,NA,NA,Europe,Southern Europe,107000,1,0.6,Y,Y,Y,Y,Y,Y,60.501824,11.470728551919361,11.470728551919361,8,70,12,10,4.5,2,5,5,5
JAM,Jamaica,2788005,5,12,14.1,0.9,0.2,North America,NA,12,NA,NA,North America,NA,NA,NA,Yes,Yes,No,N/A,NA,NA,-,-,-,-,NA,NA,NA,NA,NA,NA,NA,PM2.5 relative to WHO guideline,0.89,Risk,1,NA,Upper middle income,NA,NA,Americas,Latin America and the Caribbean,NA,NA,NA,Y,N,Y,N,NA,NA,2.788005,NA,NA,8,70,12,10,4.5,3,1,NA,NA
JOR,Jordan,11086240,5,15,16.4,1.1,0.1,Asia,Middle East and North Africa,15,2021,2021,Asia,Middle East and North Africa,NA,NA,Yes,Yes,Yes,https://en.jordanenv.com/,No,Yes,No,Yes,Yes,No,2024-01-01,2,NA,2,NA,0,2,PM2.5 relative to WHO guideline,1.12,Risk,1,1,Lower middle income,Outdoor air quality funding,2.833282,Asia,Western Asia,NA,NA,1,Y,Y,Y,N,Y,NA,11.08624,0.18040381590151394,0,8,70,12,10,4.5,4,3,2,1
JPN,Japan,122499656,5,15,10.5,0.5,0,Asia,NA,15,2009,2009,Asia,NA,NA,NA,Yes,Yes,Yes,https://soramame.env.go.jp/preview/chart/11214030/7day/SO2/-,Yes,NA,Yes,Yes,Yes,Yes,2024-01-01,NA,1593,1593,4,1597,1597,PM2.5 relative to WHO guideline,0.54,Risk,1,NA,High income,NA,NA,Asia,Eastern Asia,6173000,44,0.4,Y,Y,Y,N,N,NA,122.499656,13.036771303259822,13.036771303259822,8,70,12,10,4.5,2,5,5,5
KAZ,Kazakhstan,20102614,5,NA,11.6,0.6,NA,Europe,US and Europe,No national standard,NA,NA,Europe,US and Europe,NA,NA,Yes,Yes,Yes*,http://ecodata.kz:3838/app_dem_visual_en/,No,Yes,Yes,Yes,Yes,No,2024-01-01,2,NA,2,40,40,42,NA,NA,NA,NA,1,Upper middle income,Outdoor air quality funding,NA,Asia,Central Asia,NA,NA,NA,Y,Y,N,N,NA,NA,20.102614,2.0892805283929743,1.9897909794218802,8,70,12,10,4.5,2,4,3,3
KEN,Kenya,56964014,5,35,16.1,1.1,0,Africa,NA,35,2014,2014,Africa,NA,Yes,2024,Yes,Yes,Yes,"https://nairobi.go.ke/nairobi-air-quality/
Data downloads through: https://analytics.airqo.net/analytics",Yes,NA,Yes,Yes,Yes,Yes,2024-01-01,1,NA,1,3,3,4,PM2.5 relative to WHO guideline,1.08,Risk,1,1,Lower middle income,Outdoor air quality funding,7.339039,Africa,Sub-Saharan Africa,NA,NA,NA,Y,Y,Y,Y,N,Y,56.964014,0.07021977067837952,0.05266482800878464,8,70,12,10,4.5,3,5,1,2
KGZ,Kyrgyzstan,5994085,5,NA,12.9,0.8,NA,Asia,NA,No national standard,NA,NA,Asia,NA,NA,NA,Yes,Yes,Yes,"https://explore.openaq.org/#8.38/42.899/74.686 (Select ""Clarity"" for provider)",Yes,NA,Yes,Yes,Yes,Yes,2024-01-01,2,NA,2,46,46,48,NA,NA,NA,NA,NA,Lower middle income,Outdoor air quality funding,99.9999999999997,Asia,Central Asia,NA,NA,NA,Y,Y,N,N,NA,NA,5.994085,8.007894449277913,7.674232180558,8,70,12,10,4.5,3,2,4,4
KHM,Cambodia,16878392,5,25,18.8,1.4,0,Asia,South East Asia,25,2020,2020,Asia,South East Asia,Yes,2021,Yes,Yes,Yes,https://www.facebook.com/MinistryOfEnvironmentCambodia,No,Yes,No,No,Yes,No,NA,NA,NA,NA,NA,NA,NA,PM2.5 relative to WHO guideline,1.35,Risk,1,1,Lower middle income,Outdoor air quality funding,77.694996,Asia,South-eastern Asia,700000,2,0.6,Y,Y,Y,Y,Y,Y,16.878392,NA,NA,8,70,12,10,4.5,4,3,NA,NA
KOR,South Korea,51649895,5,15,21.6,1.6,0.6,Asia,NA,15,2015,2015,Asia,NA,Yes,2018,Yes,Yes,Yes,"https://www.airkorea.or.kr/eng/
https://www.data.go.kr/en/index.do",Yes,NA,Yes,Yes,Yes,Yes,2024-01-01,NA,718,718,4,722,722,PM2.5 relative to WHO guideline,1.63,Risk,1,NA,High income,NA,NA,Asia,Eastern Asia,6173000,44,0.4,Y,Y,Y,Y,Y,Y,51.649895,13.978731224913428,13.978731224913428,8,70,12,10,4.5,4,5,5,5
KWT,Kuwait,3076508,5,NA,22.2,1.7,NA,Asia,Middle East and North Africa,No national standard,NA,NA,Asia,Middle East and North Africa,NA,NA,Yes,Yes,Yes,https://enterprise.emisk.org/eMISKAirQuality/#/stations/ASt-16,No,Yes,Yes,Yes,Yes,No,2024-01-01,1,NA,1,NA,0,1,PM2.5 relative to WHO guideline,1.69,Risk,1,NA,High income,NA,NA,Asia,Western Asia,NA,NA,1,Y,Y,N,N,NA,NA,3.076508,0.3250438484151512,0,8,70,12,10,4.5,4,1,2,1
LAO,Laos,7886810,5,NA,28.9,2.3,NA,Asia,South East Asia,No national standard,NA,NA,Asia,South East Asia,NA,NA,Yes,No,Yes,http://183.182.104.113/monre/home?lang=en,No,Yes,Yes,Yes,No,No,2024-01-01,1,1,2,1,2,3,PM2.5 relative to WHO guideline,2.34,Risk,1,NA,Lower middle income,Outdoor air quality funding,0.034281,Asia,South-eastern Asia,700000,2,0.6,Y,Y,N,N,NA,NA,7.88681,0.38038192881532584,0.2535879525435506,8,70,12,10,4.5,5,2,3,3
LBN,Lebanon,5293663,5,NA,17.6,1.2,NA,Asia,Middle East and North Africa,No national standard,NA,NA,Asia,Middle East and North Africa,Yes,2017,No,No,No,N/A,NA,NA,-,-,-,-,NA,NA,NA,NA,NA,NA,NA,PM2.5 relative to WHO guideline,1.23,Risk,1,1,Lower middle income,Outdoor air quality funding,5.347587,Asia,Western Asia,NA,NA,1,N,N,N,Y,NA,Y,5.293663,NA,NA,8,70,12,10,4.5,4,2,NA,NA
LBR,Liberia,5196931,5,NA,9,0.4,NA,Africa,Central and West Africa,No national standard,NA,NA,Africa,Central and West Africa,NA,NA,No,No,No,N/A,NA,NA,-,-,-,-,NA,NA,NA,NA,NA,NA,NA,NA,NA,NA,NA,1,Low income,NA,NA,Africa,Sub-Saharan Africa,NA,NA,NA,N,N,N,N,NA,NA,5.196931,NA,NA,8,70,12,10,4.5,2,2,NA,NA
LKA,Sri Lanka,21650199,5,25,16.2,1.1,0,Asia,South Asia,25,2008,2008,Asia,South Asia,Yes,2018,Yes,Yes,Yes,"https://www.cea.lk/web/en/air-quality
http://203.115.26.10/Lab/
http://203.115.26.10/Lab/pricingtable.html",No,Yes,No,No,Yes,No,2024-01-01,2,NA,2,1,1,3,PM2.5 relative to WHO guideline,1.09,Risk,1,1,Lower middle income,NA,NA,Asia,Southern Asia,4226737,24,0.4,Y,Y,Y,Y,N,Y,21.650199,0.1385668556672389,0.046188951889079635,8,70,12,10,4.5,3,4,2,2
LSO,Lesotho,2209272,5,NA,23.1,1.8,NA,Africa,NA,No national standard,NA,NA,Africa,NA,NA,NA,No,No,No,N/A,NA,NA,-,-,-,-,NA,NA,NA,NA,NA,NA,NA,PM2.5 relative to WHO guideline,1.77,Risk,1,1,Lower middle income,NA,NA,Africa,Sub-Saharan Africa,NA,NA,NA,N,N,N,N,NA,NA,2.209272,NA,NA,8,70,12,10,4.5,4,1,NA,NA
LTU,Lithuania,2653944,5,10,8.3,0.3,0,Europe,European union,10,2015; annual 2030 limit revised in 2024,2024,Europe,US and Europe,Yes,2022,Yes,Yes,Yes,"https://aqportal.discomap.eea.europa.eu/
https://www.eea.europa.eu/en/analysis/maps-and-charts/up-to-date-air-quality-data
https://www.eea.europa.eu/en/topics/in-depth/air-pollution?activeAccordion=554eebb5-4347-4f84-aba8-adf7c3987c2e
https://discomap.eea.europa.eu/Index/#/service/6678",Yes,NA,Yes,Yes,Yes,Yes,2024-01-01,NA,17,17,2,19,19,NA,NA,NA,NA,NA,High income,NA,NA,Europe,Northern Europe,4729991.859999999,31,0.4,Y,Y,Y,Y,Y,Y,2.653944,7.159156334873682,7.159156334873682,8,70,12,10,4.5,1,1,4,4
LUX,Luxembourg,657924,5,10,6.7,0.2,0,Europe,European union,10,2015; annual 2030 limit revised in 2024,2024,Europe,US and Europe,Yes,2023,Yes,Yes,Yes,"https://aqportal.discomap.eea.europa.eu/
https://www.eea.europa.eu/en/analysis/maps-and-charts/up-to-date-air-quality-data
https://www.eea.europa.eu/en/topics/in-depth/air-pollution?activeAccordion=554eebb5-4347-4f84-aba8-adf7c3987c2e
https://discomap.eea.europa.eu/Index/#/service/6678",Yes,NA,Yes,Yes,Yes,Yes,2024-01-01,NA,13,13,NA,13,13,NA,NA,NA,NA,NA,High income,NA,NA,Europe,Western Europe,NA,NA,1,Y,Y,Y,Y,Y,Y,0.657924,19.75912111429284,19.75912111429284,8,70,12,10,4.5,1,1,5,5
LVA,Latvia,1817679,5,10,11.5,0.6,0.1,Europe,European union,10,2015; annual 2030 limit revised in 2024,2024,Europe,US and Europe,Yes,2019,Yes,Yes,Yes,"https://aqportal.discomap.eea.europa.eu/
https://www.eea.europa.eu/en/analysis/maps-and-charts/up-to-date-air-quality-data
https://www.eea.europa.eu/en/topics/in-depth/air-pollution?activeAccordion=554eebb5-4347-4f84-aba8-adf7c3987c2e
https://discomap.eea.europa.eu/Index/#/service/6678",Yes,NA,Yes,Yes,Yes,Yes,2024-01-01,NA,13,13,NA,13,13,NA,NA,NA,NA,NA,High income,NA,NA,Europe,Northern Europe,4729991.859999999,31,0.4,Y,Y,Y,Y,Y,Y,1.817679,7.151977879482571,7.151977879482571,8,70,12,10,4.5,2,1,4,4
MAR,Morocco,36294675,5,NA,8.1,0.3,NA,Africa,Middle East and North Africa,No national standard,NA,NA,Africa,Middle East and North Africa,Yes,2021,Yes,Yes,No,N/A,NA,NA,-,-,-,-,2024-01-01,NA,NA,NA,3,3,3,NA,NA,NA,NA,1,Lower middle income,NA,NA,Africa,Northern Africa,NA,NA,NA,Y,N,N,Y,NA,Y,36.294675,0.0826567533667129,0.0826567533667129,8,70,12,10,4.5,1,4,2,2
MDA,Moldova,3631104,5,25,9.8,0.5,0,Europe,NA,25,2015; annual 2030 limit revised in 2024,2024,Europe,US and Europe,NA,NA,Yes,Yes,Yes,"https://am.gov.md/en/node/216
https://am.gov.md/mateuti.html",No,Yes,Yes,Yes,Yes,No,2024-01-01,1,NA,1,2,2,3,NA,NA,NA,NA,NA,Upper middle income,Outdoor air quality funding,0,Europe,Eastern Europe,3233375.17,9,0.8,Y,Y,Y,N,Y,NA,3.631104,0.8261950084602369,0.5507966723068246,8,70,12,10,4.5,2,2,3,3
MDG,Madagascar,28701162,5,NA,8.8,0.4,NA,Africa,NA,No national standard,NA,NA,Africa,NA,NA,NA,Yes,Yes,Yes,https://www.meteomadagascar.mg/qualite-de-lair/,No,Yes,Yes,Yes,Yes,No,2024-01-01,1,NA,1,NA,0,1,NA,NA,NA,NA,1,Low income,Outdoor air quality funding,0.178483,Africa,Sub-Saharan Africa,NA,NA,NA,Y,Y,N,N,NA,NA,28.701162,0.03484179490711909,0,8,70,12,10,4.5,2,4,1,1
MEX,México,129733289,5,12,16.2,1.1,0.4,North America,Latin America,12,2014,2014,North America,Latin America,Yes,2017,Yes,Yes,Yes,https://datos.gob.mx/blog/catalogo-apidatosgobmx?category=api-cdn&tag=nula,Yes,NA,Yes,Yes,Yes,Yes,2024-01-01,NA,184,184,6,190,190,NA,NA,NA,NA,NA,Upper middle income,Outdoor air quality funding,0.373827231751097,Americas,Latin America and the Caribbean,NA,NA,NA,Y,Y,Y,Y,N,Y,129.733289,1.4645431520663905,1.4645431520663905,8,70,12,10,4.5,3,5,3,3
MKD,Macedonia,2124210,5,NA,16.5,1.1,NA,Europe,US and Europe,No national standard,NA,NA,Europe,US and Europe,NA,NA,Yes,Yes,Yes,"https://aqportal.discomap.eea.europa.eu/
https://www.eea.europa.eu/en/analysis/maps-and-charts/up-to-date-air-quality-data
https://www.eea.europa.eu/en/topics/in-depth/air-pollution?activeAccordion=554eebb5-4347-4f84-aba8-adf7c3987c2e
https://discomap.eea.europa.eu/Index/#/service/6678",Yes,NA,Yes,Yes,Yes,Yes,2024-01-01,NA,27,27,NA,27,27,PM2.5 relative to WHO guideline,1.12,Risk,1,NA,Upper middle income,Outdoor air quality funding,26.53061132828761,Europe,Southern Europe,107000,1,0.6,Y,Y,N,N,NA,NA,2.12421,12.71060770827743,12.71060770827743,8,70,12,10,4.5,4,1,5,5
MLI,Mali,21341547,5,NA,6.4,0.1,NA,Africa,Central and West Africa,No national standard,NA,NA,Africa,Central and West Africa,NA,NA,No,No,No,N/A,NA,NA,-,-,-,-,2024-01-01,1,NA,1,NA,0,1,NA,NA,NA,NA,NA,Low income,Outdoor air quality funding,11.250753,Africa,Sub-Saharan Africa,NA,NA,NA,N,N,N,N,NA,NA,21.341547,0.046856959338514685,0,8,70,12,10,4.5,1,4,1,1
MNE,Montenegro,577528,5,25,13.2,0.8,0,Europe,NA,25,2015; annual 2030 limit revised in 2024,2024,Europe,US and Europe,NA,NA,Yes,Yes,Yes,http://www.epa.org.me/vazduh/,No,Yes,Yes,Yes,Yes,No,2024-01-01,NA,14,14,NA,14,14,NA,NA,NA,NA,NA,Upper middle income,NA,NA,Europe,Southern Europe,107000,1,0.6,Y,Y,Y,N,Y,NA,0.577528,24.2412489091438,24.2412489091438,8,70,12,10,4.5,3,1,5,5
MNG,Mongolia,3253113,5,25,27.5,2.2,0.2,Asia,NA,25,2016,2016,Asia,NA,NA,NA,Yes,Yes,Yes,http://tsag-agaar.gov.mn/environmental,No,Yes,Yes,Yes,Yes,No,2024-01-01,1,NA,1,NA,0,1,PM2.5 relative to WHO guideline,2.2,Risk,1,1,Upper middle income,Outdoor air quality funding,4.769264097435,Asia,Eastern Asia,6173000,44,0.4,Y,Y,Y,N,Y,NA,3.253113,0.3073978678269092,0,8,70,12,10,4.5,5,2,2,1
MOZ,Mozambique,32408822,5,NA,13.6,0.8,NA,Africa,NA,No national standard,NA,NA,Africa,NA,NA,NA,Yes,No,No,N/A,NA,NA,-,-,-,-,2024-01-01,2,NA,2,NA,0,2,NA,NA,NA,NA,1,Low income,Outdoor air quality funding,9.308776,Africa,Sub-Saharan Africa,NA,NA,NA,Y,N,N,N,NA,NA,32.408822,0.06171159198566366,0,8,70,12,10,4.5,3,4,1,1
MUS,Mauritius,1270170,5,NA,5.2,0,NA,Africa,NA,No national standard,NA,NA,Africa,NA,NA,NA,Yes,Yes,Yes,https://airquality.govmu.org/,No,Yes,No,Yes,Yes,No,2024-01-01,NA,NA,NA,2,2,2,NA,NA,NA,NA,1,Upper middle income,NA,NA,Africa,Sub-Saharan Africa,NA,NA,NA,Y,Y,N,N,NA,NA,1.27017,1.574592377398301,1.574592377398301,8,70,12,10,4.5,1,1,3,3
MWI,Malawi,20908724,5,NA,18.4,1.3,NA,Africa,NA,No national standard,NA,NA,Africa,NA,NA,NA,No,No,No,N/A,NA,NA,-,-,-,-,NA,NA,NA,NA,NA,NA,NA,PM2.5 relative to WHO guideline,1.31,Risk,1,1,Low income,Outdoor air quality funding,0.5237869999999999,Africa,Sub-Saharan Africa,NA,NA,NA,N,N,N,N,NA,NA,20.908724,NA,NA,8,70,12,10,4.5,4,4,NA,NA
MYS,Malaysia,33894899,5,15,16.3,1.1,0.1,Asia,South East Asia,15,2015,2015,Asia,South East Asia,Prospective,NA,Yes,Yes,Yes,https://apims.doe.gov.my/home.html,No,Yes,No,Yes,Yes,No,2024-01-01,1,NA,1,2,2,3,PM2.5 relative to WHO guideline,1.11,Risk,1,1,Upper middle income,NA,NA,Asia,South-eastern Asia,700000,2,0.6,Y,Y,Y,Y,Y,NA,33.894899,0.08850889332934728,0.05900592888623152,8,70,12,10,4.5,3,4,2,2
NAM,Namibia,2752741,5,NA,15,1,NA,Africa,NA,No national standard,NA,NA,Africa,NA,NA,NA,No,No,No,N/A,NA,NA,-,-,-,-,NA,NA,NA,NA,NA,NA,NA,NA,NA,NA,NA,1,Upper middle income,NA,NA,Africa,Sub-Saharan Africa,NA,NA,NA,N,N,N,N,NA,NA,2.752741,NA,NA,8,70,12,10,4.5,3,1,NA,NA
NER,Niger,25382753,5,NA,9.5,0.4,NA,Africa,Central and West Africa,No national standard,NA,NA,Africa,Central and West Africa,NA,NA,No,No,No,N/A,NA,NA,-,-,-,-,NA,NA,NA,NA,NA,NA,NA,NA,NA,NA,NA,NA,Low income,Outdoor air quality funding,0.398843,Africa,Sub-Saharan Africa,NA,NA,NA,N,N,N,N,NA,NA,25.382753,NA,NA,8,70,12,10,4.5,2,4,NA,NA
NGA,Nigeria,229942843,5,20,22.9,1.8,0.3,Africa,Central and West Africa,20,2021,2021,Africa,Central and West Africa,Yes,2021,Yes,Yes,Yes,https://lasepa.gov.ng/air-quality/,No,Yes,No,Yes,Yes,No,2024-01-01,2,NA,2,2,2,4,PM2.5 relative to WHO guideline,1.76,Risk,1,1,Lower middle income,Outdoor air quality funding,3.707943,Africa,Sub-Saharan Africa,NA,NA,NA,Y,Y,Y,Y,Y,Y,229.942843,0.017395627312479563,0.008697813656239782,8,70,12,10,4.5,4,5,1,2
NIC,Nicaragua,6585703,5,NA,15.2,1,NA,North America,Latin America,No national standard,NA,NA,North America,Latin America,NA,NA,No,No,No,N/A,NA,NA,-,-,-,-,NA,NA,NA,NA,NA,NA,NA,PM2.5 relative to WHO guideline,1,Risk,1,NA,Lower middle income,Outdoor air quality funding,0.024935,Americas,Latin America and the Caribbean,NA,NA,NA,N,N,N,N,NA,NA,6.585703,NA,NA,8,70,12,10,4.5,3,2,NA,NA
NLD,Netherlands,17645344,5,10,7.6,0.3,0,Europe,European union,10,2015; annual 2030 limit revised in 2024,2024,Europe,US and Europe,Yes,2023,Yes,Yes,Yes,"https://aqportal.discomap.eea.europa.eu/
https://www.eea.europa.eu/en/analysis/maps-and-charts/up-to-date-air-quality-data
https://www.eea.europa.eu/en/topics/in-depth/air-pollution?activeAccordion=554eebb5-4347-4f84-aba8-adf7c3987c2e
https://discomap.eea.europa.eu/Index/#/service/6678",Yes,NA,Yes,Yes,Yes,Yes,2024-01-01,NA,78,78,32,110,110,NA,NA,NA,NA,NA,High income,NA,NA,Europe,Western Europe,NA,NA,1,Y,Y,Y,Y,Y,Y,17.645344,6.233939105976058,6.233939105976058,8,70,12,10,4.5,1,3,4,4
NOR,Norway,4934270,5,5,5.2,0,0,Europe,NA,5,latest revision in 2024,2024,Europe,US and Europe,NA,NA,Yes,Yes,Yes,"https://aqportal.discomap.eea.europa.eu/
https://www.eea.europa.eu/en/analysis/maps-and-charts/up-to-date-air-quality-data
https://www.eea.europa.eu/en/topics/in-depth/air-pollution?activeAccordion=554eebb5-4347-4f84-aba8-adf7c3987c2e
https://discomap.eea.europa.eu/Index/#/service/6678",Yes,NA,Yes,Yes,Yes,Yes,2024-01-01,NA,66,66,3,69,69,NA,NA,NA,NA,NA,High income,NA,NA,Europe,Northern Europe,4729991.859999999,31,0.4,Y,Y,Y,N,Y,NA,4.93427,13.983831448218279,13.983831448218279,8,70,12,10,4.5,1,2,5,5
NPL,Nepal,30964293,5,NA,38.3,3.3,NA,Asia,South Asia,No national standard,NA,NA,Asia,South Asia,NA,NA,Yes,Yes,Yes,https://pollution.gov.np/portal/#/home?_k=10xrm1,No,Yes,Yes,Yes,Yes,No,2024-01-01,2,NA,2,2,2,4,PM2.5 relative to WHO guideline,3.27,Risk,1,1,Lower middle income,Outdoor air quality funding,5.628082,Asia,Southern Asia,4226737,24,0.4,Y,Y,N,N,NA,NA,30.964293,0.12918105380284317,0.06459052690142159,8,70,12,10,4.5,5,4,2,2
OMN,Oman,3733885,5,NA,13.6,0.8,NA,Asia,Middle East and North Africa,No national standard,NA,NA,Asia,Middle East and North Africa,NA,NA,Yes,Yes,Yes,https://www.ea.gov.om/en/open-data/open-data-sets/opendata-published/,No,Yes,Yes,No,No,Yes,2024-01-01,NA,2,2,NA,2,2,PM2.5 relative to WHO guideline,0.85,Risk,1,NA,High income,NA,NA,Asia,Western Asia,NA,NA,1,Y,Y,N,N,NA,NA,3.733885,0.53563513605802,0.53563513605802,8,70,12,10,4.5,3,2,3,3
PAK,Pakistan,247506652,5,35,39,3.3,0.4,Asia,South Asia,35,2010; latest revision in 2023,2023,Asia,South Asia,Yes,2023,Yes,Yes,Yes,"https://epd.punjab.gov.pk/Air_Quality
https://environment.gov.pk/Detail/ZjU5NDM3YjItNTdiOS00NTk5LWExYzUtMjI2NzE5YjdlOGM5",No,Yes,Yes,No,Yes,No,2024-01-01,5,NA,5,6,6,11,PM2.5 relative to WHO guideline,3.33,Risk,1,1,Lower middle income,Outdoor air quality funding,19.145064,Asia,Southern Asia,4226737,24,0.4,Y,Y,Y,Y,Y,Y,247.506652,0.04444324995354064,0.024241772701931258,8,70,12,10,4.5,5,5,1,2
PAN,Panama,4363515,5,15,10.2,0.5,0,North America,Latin America,15,2015,2015,North America,Latin America,NA,NA,No,No,No,N/A,NA,NA,-,-,-,-,NA,NA,NA,NA,NA,NA,NA,NA,NA,NA,NA,NA,High income,NA,NA,Americas,Latin America and the Caribbean,NA,NA,NA,N,N,Y,N,Y,NA,4.363515,NA,NA,8,70,12,10,4.5,2,2,NA,NA
PER,Peru,32376669,5,25,24.2,1.9,0,South America,Latin America,25,2014,2014,South America,Latin America,NA,NA,Yes,Yes,Yes,"https://www.senamhi.gob.pe/?&p=calidad-del-aire
https://www.datosabiertos.gob.pe/dataset/vigilancia-y-seguimiento-ambiental-en-la-calidad-del-aire-organismo-de-evaluaci%C3%B3n-y",Yes,NA,Yes,Yes,Yes,Yes,2024-01-01,1,45,46,1,46,47,PM2.5 relative to WHO guideline,1.88,Risk,1,1,Upper middle income,Outdoor air quality funding,0.598264,Americas,Latin America and the Caribbean,NA,NA,NA,Y,Y,Y,N,N,NA,32.376669,1.4516626154469443,1.4207761768204135,8,70,12,10,4.5,5,4,3,3
PHL,Philippines,112652573,5,25,17.1,1.2,0,Asia,South East Asia,25,2013,2013,Asia,South East Asia,NA,NA,Yes,Yes,Yes,https://air.emb.gov.ph/ambient-air-quality-monitoring/,No,Yes,Yes,Yes,Yes,No,2024-01-01,1,NA,1,9,9,10,PM2.5 relative to WHO guideline,1.19,Risk,1,1,Lower middle income,Outdoor air quality funding,3.315006,Asia,South-eastern Asia,700000,2,0.6,Y,Y,Y,N,N,NA,112.652573,0.08876850065377556,0.079891650588398,8,70,12,10,4.5,4,5,2,2
PNG,Papua New Guinea,9523733,5,NA,11.7,0.7,NA,Oceania,NA,No national standard,NA,NA,Oceania,NA,NA,NA,No,No,No,N/A,NA,NA,-,-,-,-,NA,NA,NA,NA,NA,NA,NA,NA,NA,NA,NA,1,Lower middle income,NA,NA,Oceania,Melanesia,NA,NA,NA,N,N,N,N,NA,NA,9.523733,NA,NA,8,70,12,10,4.5,2,3,NA,NA
POL,Poland,39126330,5,10,12.9,0.8,0.3,Europe,European union,10,2015; annual 2030 limit revised in 2024,2024,Europe,US and Europe,Yes,2023,Yes,Yes,Yes,"https://aqportal.discomap.eea.europa.eu/
https://www.eea.europa.eu/en/analysis/maps-and-charts/up-to-date-air-quality-data
https://www.eea.europa.eu/en/topics/in-depth/air-pollution?activeAccordion=554eebb5-4347-4f84-aba8-adf7c3987c2e
https://discomap.eea.europa.eu/Index/#/service/6678",Yes,NA,Yes,Yes,Yes,Yes,2024-01-01,NA,229,229,11,240,240,NA,NA,NA,NA,NA,High income,NA,NA,Europe,Eastern Europe,3233375.17,9,0.8,Y,Y,Y,Y,Y,Y,39.12633,6.133976787498342,6.133976787498342,8,70,12,10,4.5,3,4,4,4
PRT,Portugal,10116629,5,10,5.7,0.1,0,Europe,European union,10,2015; annual 2030 limit revised in 2024,2024,Europe,US and Europe,Yes,2019,Yes,Yes,Yes,"https://aqportal.discomap.eea.europa.eu/
https://www.eea.europa.eu/en/analysis/maps-and-charts/up-to-date-air-quality-data
https://www.eea.europa.eu/en/topics/in-depth/air-pollution?activeAccordion=554eebb5-4347-4f84-aba8-adf7c3987c2e
https://discomap.eea.europa.eu/Index/#/service/6678",Yes,NA,Yes,Yes,Yes,Yes,2024-01-01,NA,70,70,5,75,75,NA,NA,NA,NA,NA,High income,NA,NA,Europe,Southern Europe,107000,1,0.6,Y,Y,Y,Y,Y,Y,10.116629,7.41353666325018,7.41353666325018,8,70,12,10,4.5,1,3,4,4
PRY,Paraguay,7435433,5,15,17,1.2,0.2,South America,Latin America,15,2015,2015,South America,Latin America,NA,NA,Yes,Yes,No,N/A,NA,NA,-,-,-,-,2024-01-01,1,NA,1,NA,0,1,PM2.5 relative to WHO guideline,1.17,Risk,1,1,Upper middle income,NA,NA,Americas,Latin America and the Caribbean,NA,NA,NA,Y,N,Y,N,Y,NA,7.435433,0.13449115875296033,0,8,70,12,10,4.5,4,2,2,1
QAT,Qatar,2496410,5,NA,36.2,3.1,NA,Asia,Middle East and North Africa,No national standard,NA,NA,Asia,Middle East and North Africa,NA,NA,Yes,Yes,No,N/A,NA,NA,-,-,-,-,2024-01-01,1,NA,1,NA,0,1,PM2.5 relative to WHO guideline,3.06,Risk,1,1,High income,NA,NA,Asia,Western Asia,NA,NA,1,Y,N,N,N,NA,NA,2.49641,0.4005752260245713,0,8,70,12,10,4.5,5,1,3,1
ROU,Romania,18324108,5,10,11.9,0.7,0.2,Europe,European union,10,2015; annual 2030 limit revised in 2024,2024,Europe,US and Europe,Yes,2023,Yes,Yes,Yes,"https://aqportal.discomap.eea.europa.eu/
https://www.eea.europa.eu/en/analysis/maps-and-charts/up-to-date-air-quality-data
https://www.eea.europa.eu/en/topics/in-depth/air-pollution?activeAccordion=554eebb5-4347-4f84-aba8-adf7c3987c2e
https://discomap.eea.europa.eu/Index/#/service/6678",Yes,NA,Yes,Yes,Yes,Yes,2024-01-01,NA,310,310,12,322,322,NA,NA,NA,NA,NA,High income,NA,NA,Europe,Eastern Europe,3233375.17,9,0.8,Y,Y,Y,Y,Y,Y,18.324108,17.57247883498613,17.57247883498613,8,70,12,10,4.5,2,3,5,5
RUS,Russia,140316650,5,25,9.3,0.4,0,Europe,NA,25,2010,2010,Europe,US and Europe,Yes,2020,Yes,Yes,Yes,"http://www.meteo.nw.ru/weather/air_pollution.php
Southwestern Russia: https://pogoda-sv.ru/pollcenter/airdata/
Krasnoyarsk: https://meteo.krasnoyarsk.ru/",No,Yes,No,Yes,Yes,No,NA,NA,NA,NA,NA,NA,NA,NA,NA,NA,NA,NA,High income,NA,NA,Europe,Eastern Europe,3233375.17,9,0.8,Y,Y,Y,Y,N,Y,140.31665,NA,NA,8,70,12,10,4.5,2,5,NA,NA
RWA,Rwanda,13392047,5,35,30.3,2.5,0,Africa,Central and West Africa,35,2018,2018,Africa,Central and West Africa,Yes,2010,Yes,Yes,Yes,https://aq.rema.gov.rw/,No,Yes,No,Yes,Yes,No,2024-01-01,1,NA,1,NA,0,1,PM2.5 relative to WHO guideline,2.48,Risk,1,1,Low income,Outdoor air quality funding,0.17136084649999905,Africa,Sub-Saharan Africa,NA,NA,NA,Y,Y,Y,Y,Y,N,13.392047,0.07467118357634199,0,8,70,12,10,4.5,5,3,2,1
SAU,Saudi Arabia,34501924,5,15,25.8,2,1.1,Asia,Middle East and North Africa,15,2020,2020,Asia,Middle East and North Africa,NA,NA,Yes,Yes,No,N/A,No,NA,No,Yes,Yes,No,2024-01-01,2,NA,2,2,2,4,PM2.5 relative to WHO guideline,2.04,Risk,1,NA,High income,NA,NA,Asia,Western Asia,NA,NA,1,Y,N,Y,N,Y,NA,34.501924,0.11593556347756141,0.057967781738780706,8,70,12,10,4.5,5,4,2,2
SEN,Senegal,18193753,5,25,5.5,0,0,Africa,Central and West Africa,25,2003,2003,Africa,Central and West Africa,Yes,2003,Yes,Yes,Yes,https://www.facebook.com/profile.php?id=100083147238138&ref=page_internal&paipv=0&eav=AfYpJKbQFEhduBfv61Kk0_BAq0if-KFrdNtz2yWgjrk_YqaajVajyN35Wjkvnv8WI44,No,Yes,No,No,Yes,No,2024-01-01,NA,NA,NA,2,2,2,NA,NA,NA,NA,1,Lower middle income,Outdoor air quality funding,116.08481599999999,Africa,Sub-Saharan Africa,NA,NA,NA,Y,Y,Y,Y,N,N,18.193753,0.10992784171578013,0.10992784171578013,8,70,12,10,4.5,1,3,2,2
SGP,Singapore,5943652,5,10,17.1,1.2,0.7,Asia,South East Asia,10,2020,2020,Asia,South East Asia,Yes,2022,Yes,Yes,Yes,https://www.haze.gov.sg/,No,Yes,Yes,No,Yes,No,2024-01-01,5,NA,5,3,3,8,PM2.5 relative to WHO guideline,1.19,Risk,1,1,High income,NA,NA,Asia,South-eastern Asia,700000,2,0.6,Y,Y,Y,Y,Y,Y,5.943652,1.345973822155133,0.5047401833081748,8,70,12,10,4.5,4,2,3,3
SLB,Solomon Islands,564798,5,NA,6.3,0.1,NA,Oceania,NA,No national standard,NA,NA,Oceania,NA,NA,NA,No,No,No,N/A,NA,NA,-,-,-,-,NA,NA,NA,NA,NA,NA,NA,NA,NA,NA,NA,NA,Lower middle income,NA,NA,Oceania,Melanesia,NA,NA,NA,N,N,N,N,NA,NA,0.564798,NA,NA,8,70,12,10,4.5,1,1,NA,NA
SLE,Sierra Leone,8811946,5,NA,9.6,0.5,NA,Africa,Central and West Africa,No national standard,NA,NA,Africa,Central and West Africa,NA,NA,No,No,No,N/A,NA,NA,-,-,-,-,NA,NA,NA,NA,NA,NA,NA,NA,NA,NA,NA,NA,Low income,NA,NA,Africa,Sub-Saharan Africa,NA,NA,NA,N,N,N,N,NA,NA,8.811946,NA,NA,8,70,12,10,4.5,2,2,NA,NA
SLV,El Salvador,6559076,5,15,27.3,2.2,1.2,North America,Latin America,15,2003; latest revision in 2017,2017,North America,Latin America,NA,NA,Yes,Yes,Yes,https://www.snet.gob.sv/googlemaps/calidadaire/calidadAire/tiempoReal.php,No,Yes,Yes,Yes,Yes,No,NA,NA,NA,NA,NA,NA,NA,PM2.5 relative to WHO guideline,2.19,Risk,1,NA,Upper middle income,Outdoor air quality funding,0.011573,Americas,Latin America and the Caribbean,NA,NA,NA,Y,Y,Y,N,Y,NA,6.559076,NA,NA,8,70,12,10,4.5,5,2,NA,NA
SRB,Serbia,6724878,5,25,14.7,1,0,Europe,NA,25,2015; annual 2030 limit revised in 2024,2024,Europe,US and Europe,NA,NA,Yes,Yes,Yes,"https://aqportal.discomap.eea.europa.eu/
https://www.eea.europa.eu/en/analysis/maps-and-charts/up-to-date-air-quality-data
https://www.eea.europa.eu/en/topics/in-depth/air-pollution?activeAccordion=554eebb5-4347-4f84-aba8-adf7c3987c2e
https://discomap.eea.europa.eu/Index/#/service/6678",Yes,NA,Yes,Yes,Yes,Yes,2024-01-01,NA,88,88,3,91,91,PM2.5 relative to WHO guideline,0.95,Risk,1,NA,Upper middle income,Outdoor air quality funding,1.050806,Europe,Southern Europe,107000,1,0.6,Y,Y,Y,N,Y,NA,6.724878,13.531843997764717,13.531843997764717,8,70,12,10,4.5,3,2,5,5
SSD,South Sudan,12141236,5,NA,13.5,0.8,NA,Africa,NA,No national standard,East African Community Regional Standard 751:2010 yet to be adopted,NA,Africa,NA,NA,NA,No,No,No,N/A,NA,NA,-,-,-,-,NA,NA,NA,NA,NA,NA,NA,NA,NA,NA,NA,1,Low income,Outdoor air quality funding,0.9560869999999999,Africa,Sub-Saharan Africa,NA,NA,NA,N,N,N,N,NA,NA,12.141236,NA,NA,8,70,12,10,4.5,3,3,NA,NA
SUR,Suriname,655684,5,NA,6.8,0.2,NA,South America,NA,No national standard,NA,NA,South America,NA,NA,NA,No,No,No,N/A,NA,NA,-,-,-,-,NA,NA,NA,NA,NA,NA,NA,NA,NA,NA,NA,NA,Upper middle income,NA,NA,Americas,Latin America and the Caribbean,NA,NA,NA,N,N,N,N,NA,NA,0.655684,NA,NA,8,70,12,10,4.5,1,1,NA,NA
SVK,Slovakia,5572920,5,10,11.2,0.6,0.1,Europe,European union,10,2015; annual 2030 limit revised in 2024,2024,Europe,US and Europe,Yes,2019,Yes,Yes,Yes,"https://aqportal.discomap.eea.europa.eu/
https://www.eea.europa.eu/en/analysis/maps-and-charts/up-to-date-air-quality-data
https://www.eea.europa.eu/en/topics/in-depth/air-pollution?activeAccordion=554eebb5-4347-4f84-aba8-adf7c3987c2e
https://discomap.eea.europa.eu/Index/#/service/6678",Yes,NA,Yes,Yes,Yes,Yes,2024-01-01,NA,85,85,NA,85,85,NA,NA,NA,NA,NA,High income,NA,NA,Europe,Eastern Europe,3233375.17,9,0.8,Y,Y,Y,Y,Y,Y,5.57292,15.252327325710759,15.252327325710759,8,70,12,10,4.5,2,2,5,5
SVN,Slovenia,1961661,5,10,10.8,0.6,0.1,Europe,European union,10,2015; annual 2030 limit revised in 2024,2024,Europe,US and Europe,Yes,2019,Yes,Yes,Yes,"https://aqportal.discomap.eea.europa.eu/
https://www.eea.europa.eu/en/analysis/maps-and-charts/up-to-date-air-quality-data
https://www.eea.europa.eu/en/topics/in-depth/air-pollution?activeAccordion=554eebb5-4347-4f84-aba8-adf7c3987c2e
https://discomap.eea.europa.eu/Index/#/service/6678",Yes,NA,Yes,Yes,Yes,Yes,2024-01-01,NA,41,41,3,44,44,NA,NA,NA,NA,NA,High income,NA,NA,Europe,Southern Europe,107000,1,0.6,Y,Y,Y,Y,Y,Y,1.961661,22.429971335516175,22.429971335516175,8,70,12,10,4.5,2,1,5,5
SWZ,Swaziland,1136765,5,NA,15.9,1.1,NA,Africa,NA,No national standard,NA,NA,Africa,NA,Yes,2010,No,No,No,N/A,NA,NA,-,-,-,-,NA,NA,NA,NA,NA,NA,NA,NA,NA,NA,NA,1,Lower middle income,NA,NA,Africa,Sub-Saharan Africa,NA,NA,NA,N,N,N,Y,NA,N,1.136765,NA,NA,8,70,12,10,4.5,3,1,NA,NA
TCD,Chad,18563432,5,NA,12.4,0.7,NA,Africa,Central and West Africa,No national standard,NA,NA,Africa,Central and West Africa,NA,NA,No,No,No,N/A,NA,NA,-,-,-,-,2024-01-01,1,NA,1,NA,0,1,NA,NA,NA,NA,NA,Low income,Outdoor air quality funding,0.598264,Africa,Sub-Saharan Africa,NA,NA,NA,N,N,N,N,NA,NA,18.563432,0.05386934915914256,0,8,70,12,10,4.5,3,4,1,1
TGO,Togo,8710464,5,NA,14.5,0.9,NA,Africa,Central and West Africa,No national standard,NA,NA,Africa,Central and West Africa,NA,NA,No,No,No,N/A,NA,NA,-,-,-,-,NA,NA,NA,NA,NA,NA,NA,NA,NA,NA,NA,1,Low income,Outdoor air quality funding,0.139637,Africa,Sub-Saharan Africa,NA,NA,NA,N,N,N,N,NA,NA,8.710464,NA,NA,8,70,12,10,4.5,3,2,NA,NA
THA,Thailand,69547098,5,15,23.1,1.8,0.8,Asia,South East Asia,15,latest revision in 2023,2023,Asia,South East Asia,Prospective,2025,Yes,Yes,Yes,https://data.go.th/en/dataset/air-quality-and-noise,No,Yes,Yes,Yes,Yes,No,2024-01-01,1,193,194,203,396,397,PM2.5 relative to WHO guideline,1.77,Risk,1,1,Upper middle income,Outdoor air quality funding,0.0909347317744154,Asia,South-eastern Asia,700000,2,0.6,Y,Y,Y,Y,Y,Y,69.547098,5.708361835600962,5.693983090423125,8,70,12,10,4.5,5,5,4,4
TJK,Tajikistan,10172587,5,NA,21.3,1.6,NA,Asia,NA,No national standard,NA,NA,Asia,NA,NA,NA,Yes,Yes,Yes,https://meteo.tj/en,No,Yes,No,No,Yes,No,2024-01-01,2,NA,2,3,3,5,PM2.5 relative to WHO guideline,1.59,Risk,1,1,Lower middle income,NA,NA,Asia,Central Asia,NA,NA,NA,Y,Y,N,N,NA,NA,10.172587,0.49151705460960915,0.2949102327657655,8,70,12,10,4.5,4,3,3,3
TKM,Turkmenistan,5672745,5,NA,12.5,0.7,NA,Asia,NA,No national standard,NA,NA,Asia,NA,NA,NA,No,No,No,N/A,NA,NA,-,-,-,-,2024-01-01,2,NA,2,NA,0,2,NA,NA,NA,NA,NA,Upper middle income,NA,NA,Asia,Central Asia,NA,NA,NA,N,N,N,N,NA,NA,5.672745,0.3525630008047251,0,8,70,12,10,4.5,3,2,3,1
TLS,Timor-Leste,1450274,5,NA,10.1,0.5,NA,Asia,South East Asia,No national standard,NA,NA,Asia,South East Asia,NA,NA,No,No,No,N/A,NA,NA,-,-,-,-,NA,NA,NA,NA,NA,NA,NA,NA,NA,NA,NA,NA,Lower middle income,NA,NA,Asia,South-eastern Asia,700000,2,0.6,N,N,N,N,NA,NA,1.450274,NA,NA,8,70,12,10,4.5,2,1,NA,NA
TUN,Tunisia,11880285,5,NA,8.1,0.3,NA,Africa,Middle East and North Africa,No national standard,NA,NA,Africa,Middle East and North Africa,NA,NA,No,Yes,No,N/A,NA,NA,-,-,-,-,NA,NA,NA,NA,NA,NA,NA,NA,NA,NA,NA,1,Lower middle income,Outdoor air quality funding,0.259846827133479,Africa,Northern Africa,NA,NA,NA,N,N,N,N,NA,NA,11.880285,NA,NA,8,70,12,10,4.5,1,3,NA,NA
TUR,Turkey,82903546,5,NA,20,1.5,NA,Europe,US and Europe,No national standard,NA,NA,Europe,US and Europe,NA,NA,Yes,Yes,Yes*,"https://www.havaizleme.gov.tr
https://sim.csb.gov.tr/Services/AirQuality",No,Yes,Yes,Yes,Yes,No,2024-01-01,NA,NA,NA,10,10,10,PM2.5 relative to WHO guideline,1.47,Risk,1,1,Upper middle income,NA,NA,Asia,Western Asia,NA,NA,1,Y,Y,N,N,NA,NA,82.903546,0.12062210221984955,0.12062210221984955,8,70,12,10,4.5,4,5,2,2
TWN,Taiwan,23488918,5,NA,18.7,1.3,NA,Asia,NA,12,2024,NA,Asia,NA,Yes,2020,Yes,Yes,Yes,https://data.moenv.gov.tw/en,Yes,NA,Yes,Yes,Yes,Yes,2024-01-01,NA,83,83,3,86,86,NA,NA,NA,NA,NA,High income,NA,NA,NA,NA,NA,NA,NA,Y,Y,Y,Y,NA,Y,23.488918,3.6613010441775136,3.6613010441775136,8,70,12,10,4.5,4,4,4,4
TZA,Tanzania,65256493,5,NA,17.1,1.2,NA,Africa,NA,No national standard,East African Community Regional Standard 751:2010 yet to be adopted,NA,Africa,NA,NA,NA,No,No,No,N/A,NA,NA,-,-,-,-,NA,NA,NA,NA,NA,NA,NA,PM2.5 relative to WHO guideline,1.19,Risk,1,1,Lower middle income,Outdoor air quality funding,0.47885500000000003,Africa,Sub-Saharan Africa,NA,NA,NA,N,N,N,N,NA,NA,65.256493,NA,NA,8,70,12,10,4.5,4,5,NA,NA
UGA,Uganda,47554388,5,25,27.3,2.2,0.2,Africa,NA,25,2024,2024,Africa,NA,NA,NA,Yes,Yes,Yes,"https://www.nema.go.ug/new_site/airquality/
Kampala: https://www.kcca.go.ug/kampala-air-quality-monitoring-network
https://analytics.airqo.net/analytics",Yes,NA,Yes,Yes,Yes,Yes,2024-01-01,1,NA,1,NA,0,1,PM2.5 relative to WHO guideline,21.9,Risk,1,1,Low income,Outdoor air quality funding,14.549741000000001,Africa,Sub-Saharan Africa,NA,NA,NA,Y,Y,Y,N,Y,NA,47.554388,0.021028553663649294,0,8,70,12,10,4.5,5,5,1,2
UKR,Ukraine,34758359,5,25,10.2,0.5,0,Europe,NA,25,2015; annual 2030 limit revised in 2024,2024,Europe,US and Europe,NA,NA,No,Yes,No,N/A,NA,NA,-,-,-,-,2024-01-01,NA,NA,NA,3,3,3,NA,NA,NA,NA,NA,Upper middle income,Outdoor air quality funding,10.2121280945,Europe,Eastern Europe,3233375.17,9,0.8,N,N,Y,N,Y,NA,34.758359,0.08631017361895595,0.08631017361895595,8,70,12,10,4.5,2,4,2,2
URY,Uruguay,3394722,5,NA,8.7,0.4,NA,South America,Latin America,No national standard,NA,NA,South America,Latin America,NA,NA,Yes,Yes,Yes,https://www.ambiente.gub.uy/visualizador/index.php?vis=sig,No,Yes,Yes,Yes,Yes,No,NA,NA,NA,NA,NA,NA,NA,NA,NA,NA,NA,NA,High income,NA,NA,Americas,Latin America and the Caribbean,NA,NA,NA,Y,Y,N,N,NA,NA,3.394722,NA,NA,8,70,12,10,4.5,2,2,NA,NA
USA,United States,338387398,5,9,8.2,0.3,0,North America,US and Europe,9,2012; latest revision in 2024,2024,North America,US and Europe,Yes,2022,Yes,Yes,Yes,"https://www.airnow.gov/
https://www.epa.gov/aqs",Yes,NA,Yes,Yes,Yes,Yes,2024-01-01,NA,2060,2060,1168,3228,3228,NA,NA,NA,NA,1,High income,NA,NA,Americas,Northern America,6000000,1,0.2,Y,Y,Y,Y,Y,Y,338.387398,9.539362337601,9.539362337601,8,70,12,10,4.5,1,5,4,5
UZB,Uzbekistan,36113648,5,NA,19.1,1.4,NA,Asia,NA,No national standard,NA,NA,Asia,NA,NA,NA,Yes,Yes,Yes,"https://monitoring.meteo.uz/ru/map/view/722 
https://hydromet.uz/uz/node/28
https://monitoring.meteo.uz/ru/map",No,Yes,Yes,Yes,Yes,No,2024-01-01,1,NA,1,NA,0,1,PM2.5 relative to WHO guideline,1.38,Risk,1,1,Lower middle income,Outdoor air quality funding,208.961318,Asia,Central Asia,NA,NA,NA,Y,Y,N,N,NA,NA,36.113648,0.02769036238044963,0,8,70,12,10,4.5,4,4,1,2
VNM,Vietnam,104489174,5,25,25.6,2,0.1,Asia,South East Asia,25,2013,2013,Asia,South East Asia,Yes,2021,Yes,Yes,Yes,http://enviinfo.cem.gov.vn/,No,Yes,No,Yes,Yes,No,2024-01-01,1,35,36,1,36,37,PM2.5 relative to WHO guideline,2.02,Risk,1,NA,Lower middle income,Outdoor air quality funding,0.7966410132499999,Asia,South-eastern Asia,700000,2,0.6,Y,Y,Y,Y,N,Y,104.489174,0.35410367010844584,0.3445333006460554,8,70,12,10,4.5,5,5,3,3
XKO,Kosovo,1960632,5,NA,14.8,1,NA,Europe,US and Europe,No national standard,NA,NA,Europe,US and Europe,NA,NA,Yes,Yes,Yes,"https://airqualitykosova.rks-gov.net/en/monitoring-network/ 
https://ihmk-rks.net/
https://airqualitykosova.rks-gov.net/en/",Yes,NA,Yes,Yes,Yes,Yes,2024-01-01,2,17,19,NA,17,19,NA,NA,NA,NA,NA,Upper middle income,Outdoor air quality funding,0,NA,NA,NA,NA,NA,Y,Y,N,N,NA,NA,1.960632,9.69075277767577,8.670673537920425,8,70,12,10,4.5,3,1,5,4
YEM,Yemen,31477144,5,NA,16.1,1.1,NA,Asia,Middle East and North Africa,No national standard,NA,NA,Asia,Middle East and North Africa,NA,NA,No,No,No,"http://enviinfo.cem.gov.vn/
https://envisoft.gov.vn/eip/default/index",NA,NA,-,-,-,-,NA,NA,NA,NA,NA,NA,NA,NA,NA,NA,NA,1,Low income,Outdoor air quality funding,11.978233000000003,Asia,Western Asia,NA,NA,1,N,N,N,N,NA,NA,31.477144,NA,NA,8,70,12,10,4.5,3,4,NA,NA
ZAF,South Africa,59763665,5,20,22.3,1.7,0.2,Africa,NA,20,2012,2012,Africa,NA,Yes,2014,Yes,Yes,Yes,https://saaqis.environment.gov.za/,Yes,NA,Yes,Yes,Yes,Yes,2024-01-01,NA,149,149,25,174,174,PM2.5 relative to WHO guideline,1.7,Risk,1,1,Upper middle income,Outdoor air quality funding,0.1227961072902338,Africa,Sub-Saharan Africa,NA,NA,NA,Y,Y,Y,Y,N,N,59.763665,2.9114680299476277,2.9114680299476277,8,70,12,10,4.5,4,5,3,3
ZMB,Zambia,20222856,5,NA,25.2,2,NA,Africa,NA,No national standard,NA,NA,Africa,NA,NA,NA,No,No,No,N/A,NA,NA,-,-,-,-,2024-01-01,NA,NA,NA,3,3,3,PM2.5 relative to WHO guideline,1.98,Risk,1,1,Lower middle income,Outdoor air quality funding,0.005352,Africa,Sub-Saharan Africa,NA,NA,NA,N,N,N,N,NA,NA,20.222856,0.14834699905888662,0.14834699905888662,8,70,12,10,4.5,5,4,2,3
ZWE,Zimbabwe,16791708,5,NA,18.8,1.4,NA,Africa,NA,No national standard,NA,NA,Africa,NA,NA,NA,Yes,No,Yes,"https://www.ema.co.zw/AirQ/home.html
https://www.iqair.com/us/profile/6jttnou-l",No,Yes,Yes,Yes,Yes,No,NA,NA,NA,NA,NA,NA,NA,PM2.5 relative to WHO guideline,1.35,Risk,1,1,Lower middle income,NA,NA,Africa,Sub-Saharan Africa,NA,NA,NA,Y,Y,N,N,NA,NA,16.791708,NA,NA,8,70,12,10,4.5,4,3,NA,NA
